Method,AnthMean,AnthVar,BlLSMean,BlLSVar,BrLSMean,BrLSVar,WhLSMean,WhLSVar,Vigor45DMean,Vigor45DVar,FrogSkinMean,FrogSkinVar,MosNvMean,MosNvVar,RFMean,RFVar,AcSevMean,AcSevVar
BAG,3.1687101032155,0.412577015572764,3.3288248891256,0.286401530414857,3.34064702114419,0.30384727846423,1.48584442338413,0.159675681958834,2.24327585671242,0.0430994985514446,0.411975307365412,0.0150085568282212,0.0555626760673795,0.0100303351405595,1.98058416982178,0.0867104200624882,3.03016133572042,0.072322174245306
CC,3.25584514747122,0.988263853560803,3.42499817923108,0.700840344901327,3.46151561348526,0.740642943424187,1.58155601392227,0.534913086678081,2.23525288114347,0.111954241521023,0.497164620005834,0.0614537119628123,0.12290168107594,0.0281747621157972,2.05809415810205,0.206559147133181,3.04731931991874,0.137616928359874
CH,3.23927928085509,0.921838962425685,3.40180125173936,0.68410525347291,3.43775024990049,0.707272525886381,1.59840799934153,0.517997183099301,2.22267472034921,0.0919893376734798,0.49122206677226,0.0520040700547356,0.116252461113624,0.0273054338838403,2.04446088600421,0.196457556126759,3.05445025073997,0.134410416229943
GW/CH,3.26460274223413,0.971201875319806,3.4485427852723,0.648045575686297,3.46820466852146,0.694727374084899,1.60674087751558,0.513881295612617,2.24959685730222,0.103155439839722,0.491644922788493,0.059156594153749,0.12398009350227,0.0297560242790733,2.04913331329827,0.199748635198372,3.04678869435355,0.128823578584416
GW/MLST,3.25210597960216,1.04829870096727,3.38348220969529,0.667472800878964,3.41127269411331,0.722845169154787,1.55206510733443,0.514207074064261,2.23449526180951,0.117618243954626,0.464748512719961,0.0455710926283388,0.10460221825337,0.0250109172959622,2.06736947676986,0.204431987735024,3.03771306212784,0.142947978012994
